id,amount,due_on
1,4753,2018-12-09
2,11742,2017-11-25
3,37373,2018-12-16
4,48308,2017-04-27
5,14894,2019-03-30
6,14021,2018-04-30
7,10396,2018-08-12
8,1835,2017-06-13
9,48423,2018-10-09
10,21410,2018-08-06
11,11758,2020-11-28
12,30794,2019-05-07
13,12324,2021-07-07
14,48625,2017-11-12
15,29423,2018-07-22
16,44533,2019-12-24
17,48677,2018-03-26
18,19000,2018-07-14
19,893,2018-07-17
20,5353,2019-03-04
21,127,2019-08-13
22,34310,2018-10-27
23,40463,2018-03-05
24,25284,2018-05-27
25,45750,2020-04-30
26,3846,2018-06-30
27,17596,2017-05-03
28,830,2019-08-22
29,6448,2018-10-13
30,46371,2018-05-02
31,3820,2019-06-27
32,25994,2018-07-26
33,51205,2018-02-20
34,23670,2019-11-15
35,18633,2021-04-28
36,2320,2020-04-09
37,43251,2020-11-21
38,46785,2020-09-26
39,50658,2020-10-15
40,15343,2020-08-24
41,,2020-12-21
42,16938,2019-08-23
43,13700,2019-08-28
44,13805,2018-05-27
45,696,
46,40883,2019-04-20
47,43187,2020-12-10
48,31281,2019-01-31
49,33843,2021-03-04
50,36060,2018-04-22
51,5301,2019-08-15
52,226,2019-03-06
53,49984,2019-11-18
54,19099,2020-04-14
55,43556,2018-10-01
56,38211,2021-07-07
57,21892,2021-02-24
58,42676,2021-10-17
59,33100,2019-08-21
60,,2017-07-01
61,11382,2018-11-16
62,3628,2021-03-28
63,20605,2018-01-08
64,47059,2021-09-27
65,37018,2017-08-27
66,25263,2021-02-25
67,44388,2020-01-17
68,7188,2017-06-13
69,34526,2020-06-16
70,3275,2018-05-12
71,36450,2018-12-01
72,48649,2019-03-25
73,7800,2019-05-24
74,3537,2019-01-05
75,19415,2021-07-18
76,8906,2020-02-19
77,8731,2021-03-22
78,19294,2020-04-24
79,24757,2017-05-29
80,5225,2018-10-20
81,26305,2021-07-10
82,25132,2019-04-07
83,30645,2019-11-07
84,40195,2020-01-23
85,23513,2018-03-23
86,16164,2020-02-28
87,11320,2019-08-15
88,4500,2018-04-16
89,21662,2020-09-28
90,46435,2017-10-12
91,25826,2018-06-02
92,20499,2018-04-24
93,8112,2020-01-09
94,33320,
95,35160,2018-08-06
96,29685,2020-02-13
97,43501,2018-08-31
98,47021,2018-04-28
99,14563,2017-06-01
100,14856,2021-03-01
101,30912,
102,12358,2019-09-07
103,30706,2017-07-11
104,46911,2019-08-24
105,32901,2021-08-17
106,40932,2020-08-03
107,1256,2020-07-25
108,42509,2018-02-14
109,41077,2019-04-28
110,14903,2019-01-08
111,2992,2020-02-07
112,41483,2020-09-14
113,2106,2020-11-18
114,1659,2021-07-02
115,27362,2021-04-16
116,40254,2020-04-29
117,24165,2018-01-31
118,48351,2020-02-15
119,44581,
120,5621,2017-10-06
121,2835,2018-12-28
122,12938,2020-05-01
123,26966,2018-08-28
124,1687,2017-12-16
125,10361,2017-07-05
126,4161,2017-11-29
127,35287,2020-08-02
128,12966,2018-11-11
129,14693,2018-06-06
130,8843,2018-08-07
131,34728,2020-11-03
132,37984,2020-06-16
133,6904,2018-09-27
134,40566,2018-06-13
135,12872,2017-07-15
136,43579,2017-05-12
137,26826,2020-03-01
138,37555,2017-04-24
139,9125,2018-06-21
140,36973,2020-01-10
141,19668,2019-05-23
142,12207,2019-05-09
143,13990,2019-03-31
144,27673,2021-08-28
145,16011,
146,45173,2019-03-24
147,43026,2018-07-12
148,34783,2021-09-19
149,22786,
150,33717,2020-05-25
151,36995,2020-02-18
152,21839,2020-05-09
153,2719,2017-06-09
154,25682,2017-06-05
155,29626,2018-08-24
156,15930,2017-07-18
157,11398,2021-07-16
158,37127,2017-09-28
159,26851,2018-01-25
160,3582,2020-06-21
161,6609,2017-11-05
162,34081,2018-05-05
163,49609,2018-11-01
164,25409,2017-12-24
165,48975,2020-06-23
166,36398,2020-10-22
167,30512,2020-05-27
168,3705,2017-05-05
169,31519,2018-11-17
170,3775,2019-04-25
171,30795,2021-05-29
172,36236,2018-02-03
173,34988,2017-07-12
174,46232,2017-07-30
175,5289,2021-03-12
176,16823,2020-03-27
177,15574,2020-08-08
178,14113,2019-12-27
179,21432,2021-06-19
180,30197,2018-06-01
181,30635,2017-09-05
182,23868,2021-05-28
183,13255,2019-10-01
184,35498,2019-09-24
185,10717,2018-08-07
186,35797,2019-11-21
187,22032,2019-09-22
188,37063,
189,18203,2020-10-05
190,236,2018-03-19
191,,2020-12-06
192,36095,2018-02-22
193,16902,2019-08-05
194,46649,2019-09-30
195,36308,2021-08-20
196,31369,2019-11-09
197,4337,2021-06-25
198,7825,2020-07-19
199,34080,2017-09-24
200,2558,2019-12-10
201,1310,2017-10-18
202,14670,2018-08-13
203,49111,2020-11-24
204,50286,2021-04-29
205,20909,2019-08-11
206,44241,2018-04-10
207,48069,2020-07-23
208,13689,2020-10-27
209,27516,2021-05-16
210,29586,
211,30497,2021-06-07
212,33264,2021-10-20
213,28482,2017-11-05
214,24206,2017-12-04
215,33787,2020-12-08
216,486,2019-12-05
217,51280,2018-05-25
218,49205,2019-04-30
219,27694,2019-08-24
220,36445,2021-03-16
221,20341,2018-12-26
222,20616,2020-12-24
223,13489,2019-11-26
224,11210,2017-04-26
225,25679,2017-09-11
226,4469,2020-12-15
227,13036,2019-05-27
228,48861,2018-03-30
229,30414,2020-01-21
230,17858,2019-11-09
231,51368,2018-01-09
232,,2019-05-10
233,36944,2017-07-14
234,33056,2018-04-05
235,585,2018-04-06
236,5845,2021-08-28
237,50991,2019-03-03
238,42205,2021-04-16
239,42864,
240,41439,2020-01-18
241,41416,2021-06-03
242,22467,2019-10-27
243,1488,2019-09-05
244,14628,2020-07-14
245,29305,
246,3705,2020-10-30
247,38199,2021-01-07
248,5006,2019-03-30
249,3348,2017-05-01
250,987,2021-05-01
251,268,2019-12-18
252,42889,2020-07-01
253,32941,2019-04-21
254,3551,2019-12-12
255,23004,2019-11-26
256,11543,2019-01-14
257,35443,2019-07-16
258,17932,2020-08-04
259,4017,2019-10-30
260,41519,2019-06-24
261,1804,2017-12-24
262,37519,2018-04-18
263,44913,2019-09-13
264,49366,
265,31311,2020-07-25
266,43119,2017-12-07
267,19362,2021-10-02
268,23917,2018-03-17
269,32398,2019-06-16
270,16542,2020-02-02
271,6761,2020-08-28
272,9044,2017-09-11
273,16794,2020-01-05
274,30890,2018-03-03
275,35725,2020-06-04
276,22560,2019-12-30
277,40888,2018-04-26
278,37333,2021-08-04
279,30582,2019-04-20
280,50939,2019-08-09
281,42470,2018-02-03
282,3622,2019-01-29
283,50793,2017-07-09
284,38801,2018-01-05
285,47405,2020-04-04
286,31820,2017-04-12
287,42020,2020-08-26
288,48201,2019-07-13
289,41837,2021-06-21
290,,2021-09-11
291,36642,
292,22693,2020-10-30
293,34036,2021-07-24
294,30789,2020-09-11
295,10058,2020-04-18
296,30381,2018-09-11
297,3750,2019-11-19
298,23706,2019-08-24
299,20418,2017-06-18
300,18676,2017-05-30
301,14403,2018-01-28
302,11598,2018-10-07
303,26368,2020-03-13
304,10295,2020-01-12
305,24901,2018-06-14
306,37637,2017-10-21
307,3314,2017-08-20
308,37138,2021-04-03
309,9618,2018-06-25
310,13034,2020-12-28
311,29593,2020-10-15
312,31209,2021-03-16
313,39181,2021-07-09
314,11278,2020-08-30
315,18448,2021-10-19
316,23993,2020-04-03
317,17144,2017-07-24
318,27134,2020-05-06
319,6018,2018-04-04
320,16884,
321,20009,2018-05-21
322,44209,2020-04-18
323,34677,2018-03-28
324,47117,2017-12-10
325,29451,2018-05-26
326,40387,2018-11-24
327,4344,2017-10-28
328,12260,2017-08-04
329,4581,2021-05-23
330,44524,2019-02-21
331,8388,2020-02-14
332,6464,2019-10-03
333,3497,2017-11-07
334,3566,2018-01-21
335,44998,2019-01-19
336,2925,2019-09-02
337,49071,2021-06-28
338,48082,2020-08-27
339,26615,2017-08-27
340,23913,2021-07-27
341,50641,2017-05-12
342,2522,2020-07-06
343,23881,2021-06-03
344,2068,2020-07-06
345,45200,2020-08-26
346,32289,2018-04-15
347,16413,2017-09-25
348,31309,2020-09-23
349,37667,2019-07-06
350,14793,2020-07-23
351,24520,2020-01-14
352,9821,2019-02-12
353,7923,2018-05-04
354,41194,2018-09-25
355,31396,2019-12-04
356,2877,2019-05-22
357,6954,2021-06-30
358,37876,2020-05-20
359,32245,2019-08-18
360,27296,2019-04-02
361,8490,2019-12-04
362,10569,2018-08-16
363,26315,2020-11-21
364,25390,2020-10-07
365,43369,2020-11-05
366,30103,2020-04-09
367,36649,2019-12-15
368,41954,2020-10-13
369,11753,2018-03-08
370,48677,2021-03-24
371,5667,2019-10-06
372,30320,2017-06-29
373,22972,2018-10-27
374,26785,2018-01-18
375,11592,2020-05-18
376,2764,2019-02-03
377,654,2019-04-10
378,24966,2019-02-22
379,45742,2017-05-01
380,43151,2020-11-06
381,24746,2018-04-19
382,6924,2020-04-18
383,11736,2019-11-27
384,19107,2021-07-17
385,5724,2020-01-31
386,6925,2021-03-23
387,27962,2020-01-17
388,32373,2021-10-17
389,41382,2018-11-08
390,27460,2017-08-11
391,24413,2018-04-19
392,23738,2019-09-15
393,19053,2018-08-02
394,42452,2019-04-29
395,37178,2020-07-10
396,49866,2018-10-27
397,20888,2019-11-03
398,22009,2019-02-19
399,33303,2018-03-10
400,7668,
401,21368,2021-08-31
402,32933,2021-03-22
403,11901,2020-12-30
404,40932,2019-01-30
405,50929,2019-03-27
406,8770,2019-10-17
407,8013,2018-01-14
408,43805,
409,9411,2019-01-20
410,29070,2019-01-27
411,19430,2017-06-03
412,41977,
413,1038,2019-05-18
414,50310,2019-05-16
415,21729,2018-04-27
416,45319,2018-04-22
417,802,2017-09-10
418,17412,2019-12-14
419,36743,2021-02-12
420,48590,2019-03-27
421,42441,2017-04-12
422,32297,2017-11-14
423,31177,2019-09-24
424,46508,2020-10-06
425,49338,2021-04-04
426,31872,2019-01-26
427,13057,2017-07-07
428,29520,2021-04-30
429,38781,2017-12-12
430,44316,2021-04-25
431,17590,2017-07-19
432,2256,2020-03-14
433,773,2020-08-06
434,10942,2017-11-05
435,33819,2019-12-12
436,26085,2021-07-10
437,38811,2020-07-14
438,7959,2017-07-31
439,31038,2019-04-02
440,28314,2018-03-25
441,6481,2017-04-05
442,31093,2020-04-28
443,41260,2021-03-21
444,20438,2019-12-20
445,49445,2020-04-13
446,24855,2017-05-07
447,36532,2021-02-16
448,26599,2019-03-30
449,16644,2020-11-29
450,24401,2020-06-14
451,27950,2021-08-03
452,2625,2019-07-22
453,275,2019-06-28
454,45935,2017-07-25
455,19826,2020-04-23
456,21404,2019-10-19
457,44947,2019-07-18
458,19930,2018-02-18
459,10485,2019-04-08
460,5759,2019-02-23
461,2441,2020-08-24
462,46211,2019-11-27
463,8714,2020-01-28
464,38000,2019-09-12
465,27196,2018-07-05
466,2954,2018-11-11
467,15779,2020-09-22
468,31211,2017-06-27
469,17021,2020-07-17
470,27148,2019-10-09
471,,2017-04-26
472,30792,2020-04-25
473,5732,2021-09-16
474,49376,2019-09-29
475,51405,2019-05-25
476,34665,2018-09-04
477,42164,2021-08-16
478,38135,2018-07-31
479,16661,2019-12-22
480,23007,2018-06-08
481,21632,2021-05-06
482,8266,2021-06-03
483,17516,2021-03-17
484,40408,2020-03-08
485,46229,2020-01-18
486,29904,2020-07-04
487,1857,2020-05-24
488,11919,2019-08-23
489,32904,2020-08-03
490,45190,2020-11-19
491,41214,2020-11-02
492,459,2018-05-26
493,49546,2018-02-11
494,41232,2019-05-11
495,28805,2020-06-18
496,12705,2019-10-18
497,14397,2017-12-02
498,20131,2019-12-26
499,18142,2019-07-09
500,51430,2021-06-18
501,48247,2021-01-08
502,30864,2017-08-13
503,50007,2020-02-07
504,26506,2018-07-25
505,8809,2021-07-05
506,27588,2020-01-19
507,10036,2018-04-15
508,3143,2018-01-19
509,40062,2018-03-17
510,15464,2020-05-24
511,18908,2018-08-17
512,12773,2018-05-23
513,48647,2019-10-20
514,15198,2018-09-14
515,8115,2019-10-15
516,42220,
517,12604,2021-03-25
518,5462,2017-10-08
519,,2017-10-01
520,13010,2019-01-15
521,50451,2020-09-16
522,12108,2020-04-02
523,38006,2018-10-21
524,23649,2020-03-01
525,33883,2021-05-05
526,,2019-05-06
527,3366,2018-10-29
528,25341,2018-04-03
529,11883,2018-09-16
530,45437,2021-08-13
531,9150,2018-08-19
532,39964,2019-04-04
533,12792,2019-05-31
534,22161,2018-03-09
535,50323,2018-03-31
536,35579,2017-08-29
537,15180,2019-10-10
538,26759,2019-04-03
539,5478,2019-11-05
540,21972,2020-06-08
541,34259,2021-06-01
542,14741,2020-09-06
543,35508,2018-06-16
544,2433,2019-01-25
545,46096,2021-08-15
546,7185,2019-11-05
547,19246,2020-06-13
548,25164,2019-07-07
549,27271,2020-03-02
550,47346,2020-09-08
551,10518,2018-07-23
552,19468,2020-07-30
553,47633,2017-12-17
554,3310,2021-02-27
555,35367,2018-08-18
556,22745,2021-01-04
557,23960,2019-05-25
558,24170,2021-06-16
559,22434,2017-08-29
560,49324,2019-06-27
561,15880,2018-02-07
562,33094,2018-01-02
563,46810,2017-12-02
564,13587,2018-02-11
565,13400,2020-06-28
566,48094,2017-04-22
567,13552,2020-03-05
568,11283,2019-08-02
569,44644,2018-02-17
570,5203,2019-11-12
571,33862,2021-04-12
572,760,2020-12-11
573,15260,2018-05-15
574,35480,2018-09-26
575,44539,2018-08-15
576,43365,2019-10-12
577,17432,2020-12-31
578,35946,2019-10-12
579,1635,2021-07-24
580,13836,2020-12-17
581,3754,
582,42653,2021-05-18
583,10777,2020-10-06
584,43177,
585,20990,2018-08-29
586,25703,2017-10-18
587,44322,2021-10-15
588,22992,2020-09-11
589,1352,2019-03-01
590,25084,2020-03-08
591,28382,2017-06-17
592,7419,2018-10-03
593,26952,2020-01-16
594,1666,2018-08-16
595,8758,2018-12-21
596,218,2020-07-20
597,34560,2018-10-28
598,31510,2020-10-10
599,24827,2018-11-25
600,33654,2021-08-28
601,3020,2019-07-15
602,38140,2019-01-23
603,27713,2020-05-11
604,,2021-03-15
605,42125,2019-03-25
606,35997,2018-12-22
607,49797,2017-06-15
608,44706,2021-07-16
609,12958,2017-09-04
610,25869,2019-02-22
611,43756,2017-12-08
612,14551,
613,18154,2020-12-11
614,27080,2020-06-15
615,22366,2021-09-10
616,30656,2021-07-10
617,16672,2019-03-22
618,,2020-07-12
619,35607,2017-10-03
620,37743,2019-02-25
621,11728,2017-07-18
622,10075,2019-03-08
623,33685,2019-08-27
624,27031,2020-10-05
625,25231,2019-11-27
626,13190,2018-05-15
627,24644,2019-03-14
628,11151,2018-05-21
629,8798,2019-06-06
630,35056,2019-02-15
631,17752,2021-10-02
632,30791,
633,22378,2017-10-25
634,49370,2019-11-24
635,33863,2018-02-18
636,20109,2017-07-15
637,34575,2020-03-12
638,36334,
639,49280,2020-07-14
640,4414,2020-07-31
641,18215,2021-06-28
642,26304,2018-02-18
643,383,2017-08-24
644,44368,2019-10-24
645,41574,2019-03-15
646,,2019-12-15
647,42757,2017-11-18
648,42287,2020-06-06
649,50808,2018-06-05
650,38509,2018-01-13
651,1631,2019-04-14
652,4316,2017-12-17
653,3255,2019-09-21
654,37712,2018-01-17
655,21911,2019-07-10
656,39203,2018-03-30
657,22430,2018-10-06
658,23403,2017-11-23
659,14179,2021-03-25
660,24165,2018-06-19
661,,2018-05-21
662,44409,2017-06-08
663,1805,
664,15854,2020-10-05
665,36497,2020-12-07
666,3390,2019-11-12
667,24627,2017-12-03
668,5495,2021-03-08
669,35139,2020-08-21
670,41871,2017-12-15
671,18915,2021-04-12
672,27082,2019-04-12
673,1580,
674,36332,
675,13516,2019-08-10
676,25402,2019-01-27
677,26863,2017-09-14
678,41340,2021-08-08
679,15907,2018-10-09
680,10084,2018-12-31
681,29760,2019-09-08
682,44671,2017-04-02
683,17697,2019-02-28
684,37258,2017-10-25
685,37513,2019-01-08
686,42196,2019-11-24
687,11978,2018-02-13
688,3032,2017-05-17
689,844,
690,3639,2021-06-24
691,46625,2021-03-08
692,8284,2017-08-03
693,17213,2019-11-09
694,15959,2020-06-07
695,38267,2020-07-17
696,33429,2019-07-23
697,39406,2018-12-16
698,21766,2019-08-24
699,274,2019-05-03
700,18342,2019-05-06
701,17461,2018-08-05
702,20583,2021-01-24
703,3070,2019-06-20
704,16465,2020-12-28
705,47092,2021-07-19
706,44641,2019-08-26
707,29449,2018-07-29
708,27212,2019-05-06
709,34547,2018-12-07
710,10494,2020-07-14
711,44416,2021-09-14
712,23674,2021-01-29
713,14131,2021-03-04
714,38829,2018-04-16
715,16949,2019-11-14
716,36169,2017-04-22
717,30920,2020-10-18
718,21486,2019-09-20
719,34127,
720,34862,2018-02-19
721,14233,2018-07-14
722,15842,2017-09-30
723,39024,2021-01-22
724,29592,2017-07-02
725,35239,2021-08-28
726,23436,2021-08-09
727,22945,
728,46351,2019-07-26
729,11114,
730,,2019-02-26
731,18096,2017-10-15
732,24442,2018-07-10
733,44198,2019-04-26
734,3181,2020-07-27
735,43277,2018-07-06
736,16655,2019-12-19
737,6110,2017-05-04
738,44571,2019-04-18
739,19825,2018-03-22
740,41424,2017-07-17
741,37338,2019-09-05
742,46699,2019-03-01
743,18523,2018-01-04
744,8227,2018-10-16
745,38163,2017-05-13
746,26430,2019-11-14
747,14329,2017-07-28
748,31347,2019-12-06
749,37391,2017-08-27
750,3684,2020-02-13
751,17887,2021-02-07
752,47849,2017-11-12
753,36315,2018-04-03
754,40101,2020-06-07
755,41616,2018-04-30
756,48701,2020-08-06
757,35602,2020-12-17
758,37296,2019-12-03
759,20606,2017-06-29
760,20893,2019-03-31
761,,2020-12-28
762,49057,2018-03-28
763,42728,2019-10-22
764,19187,2018-06-18
765,1094,2020-10-21
766,14531,2020-07-15
767,23574,2018-05-18
768,10172,
769,6931,2018-09-12
770,7869,2019-09-17
771,37618,2018-05-11
772,36661,2019-04-26
773,12722,2018-06-17
774,7477,2019-06-23
775,17511,2017-05-12
776,1786,2019-06-10
777,37819,2021-03-03
778,1663,2021-09-06
779,34702,2019-10-21
780,23729,
781,45185,2021-10-13
782,10734,2020-01-02
783,23484,2017-04-13
784,19873,2020-04-18
785,21685,2017-06-19
786,21201,2021-03-08
787,7813,2021-09-16
788,30908,2020-07-23
789,1462,2020-06-30
790,21827,2019-05-21
791,10874,2020-05-28
792,7617,2017-11-14
793,20951,2021-10-20
794,30267,2021-04-12
795,5070,2019-08-20
796,42136,2019-07-28
797,28200,2017-12-26
798,42920,2019-07-21
799,10981,2019-02-01
800,6628,2017-10-29
801,45126,2019-02-08
802,31374,2018-12-08
803,30896,2019-06-27
804,15547,2020-09-21
805,,2018-07-05
806,8497,2019-05-11
807,39494,2020-04-15
808,5250,2017-08-24
809,27221,2018-01-11
810,3208,2019-06-29
811,37534,2020-01-03
812,14989,2020-07-26
813,19113,2019-02-17
814,39058,2017-10-22
815,28754,2020-07-15
816,33800,2019-08-26
817,48930,2021-09-04
818,18558,2021-03-11
819,11657,2019-03-15
820,40349,2018-05-26
821,33644,2017-06-27
822,6776,2020-07-26
823,40369,2018-09-15
824,31896,2021-01-19
825,2843,2019-11-05
826,33312,2017-11-01
827,20539,2018-04-14
828,18077,2019-02-21
829,15290,2018-11-13
830,19591,2020-03-19
831,40048,2021-09-07
832,37548,2018-07-28
833,34632,2020-06-04
834,28097,2019-01-25
835,38624,2018-06-25
836,4768,2019-11-09
837,28045,2021-09-17
838,14384,2021-05-04
839,2533,2019-04-16
840,3910,2018-06-18
841,,2020-12-30
842,27698,2020-01-28
843,36311,2021-08-14
844,50202,2019-11-23
845,50933,2020-12-28
846,25393,2018-10-09
847,45239,2019-04-23
848,32876,2018-11-24
849,23436,2017-04-07
850,19819,2020-12-29
851,46496,2021-02-28
852,16440,2019-06-12
853,26743,2018-10-07
854,28179,2019-06-05
855,29036,2019-09-08
856,,2019-10-09
857,7252,2018-07-05
858,40147,2019-08-31
859,,2020-06-24
860,16177,2019-04-03
861,21059,2019-03-08
862,2171,2017-05-04
863,43647,2021-05-13
864,51122,2020-12-12
865,6030,2020-12-26
866,305,2019-05-21
867,19325,2021-02-14
868,15138,2019-02-14
869,20814,2018-06-14
870,5109,2020-06-11
871,21718,2018-04-01
872,11813,2020-04-04
873,10606,2019-12-15
874,40206,2018-06-21
875,4097,2020-07-24
876,37277,2017-10-22
877,16100,2019-08-26
878,10637,2018-01-19
879,47100,2017-04-16
880,2935,2018-01-08
881,14228,2020-10-25
882,35345,2021-03-04
883,30949,2018-10-06
884,7791,2021-09-26
885,12756,2018-06-30
886,40023,2018-07-09
887,30233,2020-05-12
888,50305,2018-09-29
889,2846,2018-04-08
890,31983,2021-01-17
891,12651,2018-05-23
892,11351,2020-02-27
893,35575,2017-11-26
894,31487,2021-05-09
895,47068,2019-10-29
896,34597,2017-06-01
897,10013,2019-02-18
898,41688,2017-07-11
899,,2020-02-13
900,6342,2019-01-06
901,39847,
902,41910,2021-05-08
903,,2018-07-16
904,44093,2017-04-02
905,15926,2020-04-09
906,25201,2018-12-07
907,19357,2021-03-09
908,32026,2019-12-07
909,38804,2021-05-23
910,20008,2019-06-03
911,29829,2021-05-28
912,,2018-02-06
913,14528,2017-11-10
914,48312,2020-03-10
915,51322,2020-08-13
916,6029,2017-08-02
917,6688,2018-04-13
918,1382,2019-08-31
919,43024,
920,36166,2020-10-10
921,18282,2017-10-12
922,48911,2018-05-19
923,16925,2020-12-29
924,5671,2021-08-09
925,12346,2020-05-01
926,20795,2021-05-01
927,42330,2020-08-09
928,5746,2018-03-14
929,45960,2017-06-02
930,6582,2021-08-12
931,28115,2021-06-03
932,3272,2018-06-03
933,41551,2017-06-18
934,19609,
935,29317,2018-04-23
936,14580,2018-09-18
937,27047,2019-10-11
938,,2020-08-17
939,3962,2017-06-08
940,37098,2019-09-16
941,30629,2021-07-27
942,7530,2019-08-24
943,50290,2019-10-09
944,6484,2020-01-10
945,24577,2018-06-14
946,37525,2018-05-13
947,18266,2018-07-18
948,45664,2018-06-01
949,,2018-03-08
950,15309,2018-01-17
951,33445,2019-07-19
952,31501,2020-05-19
953,6024,2019-11-12
954,43841,2020-10-10
955,12469,2020-09-29
956,51041,2018-08-14
957,3497,2019-06-18
958,42741,2017-07-26
959,42595,2021-07-19
960,47060,2020-12-27
961,32759,2019-07-13
962,51206,2020-11-07
963,39505,2020-08-09
964,8661,2019-02-14
965,42857,2017-09-22
966,47867,
967,44800,2018-08-26
968,30030,2020-08-02
969,39092,2018-07-12
970,,2018-12-02
971,23418,2019-03-22
972,48211,2020-03-10
973,31944,2020-05-01
974,44967,2020-10-12
975,37257,2021-08-02
976,40301,2019-12-15
977,31665,2021-08-17
978,15950,2021-06-12
979,29245,2017-05-20
980,25663,2017-06-05
981,10437,2020-07-21
982,9939,2020-05-12
983,13691,2019-04-10
984,38435,2018-05-28
985,11815,2018-12-23
986,23375,2019-10-19
987,25375,2017-12-25
988,19816,2019-08-09
989,17334,2019-11-17
990,3758,2021-05-21
991,367,2020-08-21
992,40094,
993,29368,2021-08-08
994,50650,2020-01-10
995,25918,2021-04-26
996,20490,2017-09-26
997,5974,2020-05-17
998,31474,
999,17845,2019-07-23
1000,22135,2017-11-23
